{
    "image_width": 1280,
    "image_height": 720,
    "camera_matrix": [
        [
            525.53515625,
            0,
            636.3092041015625
        ],
        [
            0,
            525.53515625,
            365.46759033203125
        ],
        [
            0,
            0,
            1
        ]
    ],
    "distortion_coefficients": [
        0.0,
        0.0,
        0.0,
        0.0,
        0.0,
        0.0,
        0.0,
        0.0,
        0.0,
        0.0,
        0.0,
        0.0
    ],
    "baseline_meters": 0.12002801895141602,
    "fov": {
        "horizontal": 101.22081756591797,
        "vertical": 68.8255615234375,
        "diagonal": 108.82113647460938
    }
}